post_title,post_date,product_name,sale_price,regular_price,source_url,scraped_at,approx_regular_price
"Costco Flyer & Costco Sale Items for October 20-26, 2025 for BC, AB, SK, MB",2025-10-20T22:43:46+00:00,1940849 BIOSTEEL HYDRATION MIX PACK 30 X 7G (,$7.00,,https://cocowest.ca/2025/10/costco-flyer-costco-sale-items-for-october-20-26-2025-for-bc-ab-sk-mb/,2025-10-22T21:24:05,
"Costco Flyer & Costco Sale Items for October 20-26, 2025 for BC, AB, SK, MB",2025-10-20T22:43:46+00:00,1800076 ORGANIKA ENHANCED COLLAGEN 2KG (,$20.00,,https://cocowest.ca/2025/10/costco-flyer-costco-sale-items-for-october-20-26-2025-for-bc-ab-sk-mb/,2025-10-22T21:24:05,
"Costco Flyer & Costco Sale Items for October 20-26, 2025 for BC, AB, SK, MB",2025-10-20T22:43:46+00:00,B IO BRUSH HEADS PACK OF 7 (,$12.00,,https://cocowest.ca/2025/10/costco-flyer-costco-sale-items-for-october-20-26-2025-for-bc-ab-sk-mb/,2025-10-22T21:24:05,
"Costco Flyer & Costco Sale Items for October 20-26, 2025 for BC, AB, SK, MB",2025-10-20T22:43:46+00:00,B IO TOOTHBRUSHES 2 HANDLES (,$40.00,,https://cocowest.ca/2025/10/costco-flyer-costco-sale-items-for-october-20-26-2025-for-bc-ab-sk-mb/,2025-10-22T21:24:05,
"Costco Flyer & Costco Sale Items for October 20-26, 2025 for BC, AB, SK, MB",2025-10-20T22:43:46+00:00,1708072 LYSOL DISINFECTING WIPES 5 X 110 WIPES (,$5.00,,https://cocowest.ca/2025/10/costco-flyer-costco-sale-items-for-october-20-26-2025-for-bc-ab-sk-mb/,2025-10-22T21:24:05,
"Costco Flyer & Costco Sale Items for October 20-26, 2025 for BC, AB, SK, MB",2025-10-20T22:43:46+00:00,937319 LYSOL TOILET BOWL CLEANER 4 x 946 ML (,$3.00,,https://cocowest.ca/2025/10/costco-flyer-costco-sale-items-for-october-20-26-2025-for-bc-ab-sk-mb/,2025-10-22T21:24:05,
"Costco Flyer & Costco Sale Items for October 20-26, 2025 for BC, AB, SK, MB",2025-10-20T22:43:46+00:00,4254845 FINISH QUANTUM PLUS DISHWASHER DETERGENT 96 TABS (,$5.00,,https://cocowest.ca/2025/10/costco-flyer-costco-sale-items-for-october-20-26-2025-for-bc-ab-sk-mb/,2025-10-22T21:24:05,
"Costco Flyer & Costco Sale Items for October 20-26, 2025 for BC, AB, SK, MB",2025-10-20T22:43:46+00:00,2964545 JET DRY QUANTUM ULTRA RINSE AGENT 1.12L (,$4.00,,https://cocowest.ca/2025/10/costco-flyer-costco-sale-items-for-october-20-26-2025-for-bc-ab-sk-mb/,2025-10-22T21:24:05,
"Costco Flyer & Costco Sale Items for October 20-26, 2025 for BC, AB, SK, MB",2025-10-20T22:43:46+00:00,366500 SOFTSOAP HANDSOAP WITH ALOE 2 X 2.36L (,$4.50,,https://cocowest.ca/2025/10/costco-flyer-costco-sale-items-for-october-20-26-2025-for-bc-ab-sk-mb/,2025-10-22T21:24:05,
"Costco Flyer & Costco Sale Items for October 20-26, 2025 for BC, AB, SK, MB",2025-10-20T22:43:46+00:00,1785880 DIAPER GENIE REFILLS PACK OF 4 (,$6.50,,https://cocowest.ca/2025/10/costco-flyer-costco-sale-items-for-october-20-26-2025-for-bc-ab-sk-mb/,2025-10-22T21:24:05,
"Costco Flyer & Costco Sale Items for October 20-26, 2025 for BC, AB, SK, MB",2025-10-20T22:43:46+00:00,1796164 SIGNATURE HOUSE STONEWARE BOWLS PACK OF 6 (,$5.00,,https://cocowest.ca/2025/10/costco-flyer-costco-sale-items-for-october-20-26-2025-for-bc-ab-sk-mb/,2025-10-22T21:24:05,
"Costco Flyer & Costco Sale Items for October 20-26, 2025 for BC, AB, SK, MB",2025-10-20T22:43:46+00:00,4584347 CUSINART DIGITAL AIR FRYER OVEN (,$40.00,,https://cocowest.ca/2025/10/costco-flyer-costco-sale-items-for-october-20-26-2025-for-bc-ab-sk-mb/,2025-10-22T21:24:05,
"Costco Flyer & Costco Sale Items for October 20-26, 2025 for BC, AB, SK, MB",2025-10-20T22:43:46+00:00,1782650 14KT YELLOW GOLD DIAMOND BOLO BRACELET 0.12CTW IVS2,$499.97,,https://cocowest.ca/2025/10/costco-flyer-costco-sale-items-for-october-20-26-2025-for-bc-ab-sk-mb/,2025-10-22T21:24:05,
"Costco Flyer & Costco Sale Items for October 20-26, 2025 for BC, AB, SK, MB",2025-10-20T22:43:46+00:00,20″,$599.97,,https://cocowest.ca/2025/10/costco-flyer-costco-sale-items-for-october-20-26-2025-for-bc-ab-sk-mb/,2025-10-22T21:24:05,
"Costco Flyer & Costco Sale Items for October 20-26, 2025 for BC, AB, SK, MB",2025-10-20T22:43:46+00:00,9961250 READERS ASSORTED STYLES +1.25 TO +3.00 (,$5.00,,https://cocowest.ca/2025/10/costco-flyer-costco-sale-items-for-october-20-26-2025-for-bc-ab-sk-mb/,2025-10-22T21:24:05,
"Costco Flyer & Costco Sale Items for October 20-26, 2025 for BC, AB, SK, MB",2025-10-20T22:43:46+00:00,3449587 WINIX AIR PURIFIER WITH PLASMAWAVE (,$40.00,,https://cocowest.ca/2025/10/costco-flyer-costco-sale-items-for-october-20-26-2025-for-bc-ab-sk-mb/,2025-10-22T21:24:05,
"Costco Flyer & Costco Sale Items for October 20-26, 2025 for BC, AB, SK, MB",2025-10-20T22:43:46+00:00,9090909 DYSON V9 SUBMARINE EXTRA CORDLESS VACUUM & MOP (,$170.00,,https://cocowest.ca/2025/10/costco-flyer-costco-sale-items-for-october-20-26-2025-for-bc-ab-sk-mb/,2025-10-22T21:24:05,
"Costco Flyer & Costco Sale Items for October 20-26, 2025 for BC, AB, SK, MB",2025-10-20T22:43:46+00:00,DC0013CA (,$150.00,,https://cocowest.ca/2025/10/costco-flyer-costco-sale-items-for-october-20-26-2025-for-bc-ab-sk-mb/,2025-10-22T21:24:05,
"Costco Flyer & Costco Sale Items for October 20-26, 2025 for BC, AB, SK, MB",2025-10-20T22:43:46+00:00,FD0073CA,$699.97,,https://cocowest.ca/2025/10/costco-flyer-costco-sale-items-for-october-20-26-2025-for-bc-ab-sk-mb/,2025-10-22T21:24:05,
"Costco Flyer & Costco Sale Items for October 20-26, 2025 for BC, AB, SK, MB",2025-10-20T22:43:46+00:00,CN3003CA,$799.97,,https://cocowest.ca/2025/10/costco-flyer-costco-sale-items-for-october-20-26-2025-for-bc-ab-sk-mb/,2025-10-22T21:24:05,
"Costco Flyer & Costco Sale Items for October 20-26, 2025 for BC, AB, SK, MB",2025-10-20T22:43:46+00:00,1658981 CUISINART PRECISION MASTER DIGITAL STAND MIXER (,$60.00,,https://cocowest.ca/2025/10/costco-flyer-costco-sale-items-for-october-20-26-2025-for-bc-ab-sk-mb/,2025-10-22T21:24:05,
"Costco Flyer & Costco Sale Items for October 20-26, 2025 for BC, AB, SK, MB",2025-10-20T22:43:46+00:00,1945362 TRAMONTINA SKILLET SET 3 PIECES (,$15.00,,https://cocowest.ca/2025/10/costco-flyer-costco-sale-items-for-october-20-26-2025-for-bc-ab-sk-mb/,2025-10-22T21:24:05,
"Costco Flyer & Costco Sale Items for October 20-26, 2025 for BC, AB, SK, MB",2025-10-20T22:43:46+00:00,1883229 LEGO BOTANICALS FLOWER ARRANGEMENT (,$25.00,,https://cocowest.ca/2025/10/costco-flyer-costco-sale-items-for-october-20-26-2025-for-bc-ab-sk-mb/,2025-10-22T21:24:05,
"Costco Flyer & Costco Sale Items for October 20-26, 2025 for BC, AB, SK, MB",2025-10-20T22:43:46+00:00,1876170 APPLE WATCH SE GPS 2ND GEN 44MM MIDNIGHT M/L,$279.97,,https://cocowest.ca/2025/10/costco-flyer-costco-sale-items-for-october-20-26-2025-for-bc-ab-sk-mb/,2025-10-22T21:24:05,
"Costco Flyer & Costco Sale Items for October 20-26, 2025 for BC, AB, SK, MB",2025-10-20T22:43:46+00:00,1876161 APPLE WATCH SE GPS 2ND GEN 40MM STARLIGHT S/M,$249.97,,https://cocowest.ca/2025/10/costco-flyer-costco-sale-items-for-october-20-26-2025-for-bc-ab-sk-mb/,2025-10-22T21:24:05,
"Costco Flyer & Costco Sale Items for October 20-26, 2025 for BC, AB, SK, MB",2025-10-20T22:43:46+00:00,1441161 ACER 15.6″ PORTABLE MONITOR PM161QT (,$20.00,,https://cocowest.ca/2025/10/costco-flyer-costco-sale-items-for-october-20-26-2025-for-bc-ab-sk-mb/,2025-10-22T21:24:05,
"Costco Flyer & Costco Sale Items for October 20-26, 2025 for BC, AB, SK, MB",2025-10-20T22:43:46+00:00,4003636 LOGITECH KEYBOARD MOUSE COMBO MK950 (,$20.00,,https://cocowest.ca/2025/10/costco-flyer-costco-sale-items-for-october-20-26-2025-for-bc-ab-sk-mb/,2025-10-22T21:24:05,
"Costco Flyer & Costco Sale Items for October 20-26, 2025 for BC, AB, SK, MB",2025-10-20T22:43:46+00:00,2024130 BIC BALL/GEL PENS PACK OF 24,$9.97,,https://cocowest.ca/2025/10/costco-flyer-costco-sale-items-for-october-20-26-2025-for-bc-ab-sk-mb/,2025-10-22T21:24:05,
"Costco Flyer & Costco Sale Items for October 20-26, 2025 for BC, AB, SK, MB",2025-10-20T22:43:46+00:00,240XL/CL241XL INK CARTRIDGES 1 COLOUR 2 BLACK,$39.97,,https://cocowest.ca/2025/10/costco-flyer-costco-sale-items-for-october-20-26-2025-for-bc-ab-sk-mb/,2025-10-22T21:24:05,
"Costco Flyer & Costco Sale Items for October 20-26, 2025 for BC, AB, SK, MB",2025-10-20T22:43:46+00:00,2277700 MOTOROLA G 5G 128GB SAGE GREEN (,$20.00,,https://cocowest.ca/2025/10/costco-flyer-costco-sale-items-for-october-20-26-2025-for-bc-ab-sk-mb/,2025-10-22T21:24:05,
"Costco Flyer & Costco Sale Items for October 20-26, 2025 for BC, AB, SK, MB",2025-10-20T22:43:46+00:00,3344400 MOTOROLA G STYLUS 5G (2024) 256GB CREAM (,$50.00,,https://cocowest.ca/2025/10/costco-flyer-costco-sale-items-for-october-20-26-2025-for-bc-ab-sk-mb/,2025-10-22T21:24:05,
"Costco Flyer & Costco Sale Items for October 20-26, 2025 for BC, AB, SK, MB",2025-10-20T22:43:46+00:00,2155103 HP SMART TANK ALL IN ONE PRINTER 5103,$149.97,,https://cocowest.ca/2025/10/costco-flyer-costco-sale-items-for-october-20-26-2025-for-bc-ab-sk-mb/,2025-10-22T21:24:05,
"Costco Flyer & Costco Sale Items for October 20-26, 2025 for BC, AB, SK, MB",2025-10-20T22:43:46+00:00,1345165 SAMSUNG ODYSSEY G5 34″ GAMING MONITOR LC34G55TWDNXZA (,$50.00,,https://cocowest.ca/2025/10/costco-flyer-costco-sale-items-for-october-20-26-2025-for-bc-ab-sk-mb/,2025-10-22T21:24:05,
"Costco Flyer & Costco Sale Items for October 20-26, 2025 for BC, AB, SK, MB",2025-10-20T22:43:46+00:00,462CA (,$100.00,,https://cocowest.ca/2025/10/costco-flyer-costco-sale-items-for-october-20-26-2025-for-bc-ab-sk-mb/,2025-10-22T21:24:05,
"Costco Flyer & Costco Sale Items for October 20-26, 2025 for BC, AB, SK, MB",2025-10-20T22:43:46+00:00,Q60CF 3.1.2CH SOUNDBAR (,$100.00,,https://cocowest.ca/2025/10/costco-flyer-costco-sale-items-for-october-20-26-2025-for-bc-ab-sk-mb/,2025-10-22T21:24:05,
"Costco Flyer & Costco Sale Items for October 20-26, 2025 for BC, AB, SK, MB",2025-10-20T22:43:46+00:00,8779922 SOUNDCORE BOOM V2 SPEAKER,$99.97,,https://cocowest.ca/2025/10/costco-flyer-costco-sale-items-for-october-20-26-2025-for-bc-ab-sk-mb/,2025-10-22T21:24:05,
"Costco Flyer & Costco Sale Items for October 20-26, 2025 for BC, AB, SK, MB",2025-10-20T22:43:46+00:00,5606065 SAMSUNG 65Q6F 65″ CLASS (64.5″ DIAG) 4K UHD QLED TV (,$100.00,,https://cocowest.ca/2025/10/costco-flyer-costco-sale-items-for-october-20-26-2025-for-bc-ab-sk-mb/,2025-10-22T21:24:05,
"Costco Flyer & Costco Sale Items for October 20-26, 2025 for BC, AB, SK, MB",2025-10-20T22:43:46+00:00,5508175 SAMSUNG 75Q80D 75″ CLASS (74.5″ DIAG) 4K UHD QLED LCD TV,$1229.97,,https://cocowest.ca/2025/10/costco-flyer-costco-sale-items-for-october-20-26-2025-for-bc-ab-sk-mb/,2025-10-22T21:24:05,
"Costco Flyer & Costco Sale Items for October 20-26, 2025 for BC, AB, SK, MB",2025-10-20T22:43:46+00:00,1806326 COSCO 3 STEP STOOL (,$10.00,,https://cocowest.ca/2025/10/costco-flyer-costco-sale-items-for-october-20-26-2025-for-bc-ab-sk-mb/,2025-10-22T21:24:05,
"Costco Flyer & Costco Sale Items for October 20-26, 2025 for BC, AB, SK, MB",2025-10-20T22:43:46+00:00,1878105 NEATFREAK HANDWOVEN TRAYS 3 PIECES,$9.97,,https://cocowest.ca/2025/10/costco-flyer-costco-sale-items-for-october-20-26-2025-for-bc-ab-sk-mb/,2025-10-22T21:24:05,
"Costco Flyer & Costco Sale Items for October 20-26, 2025 for BC, AB, SK, MB",2025-10-20T22:43:46+00:00,1892650 AFTER IRONING BOARD 130CM/51IN,$49.97,,https://cocowest.ca/2025/10/costco-flyer-costco-sale-items-for-october-20-26-2025-for-bc-ab-sk-mb/,2025-10-22T21:24:05,
"Costco Flyer & Costco Sale Items for October 20-26, 2025 for BC, AB, SK, MB",2025-10-20T22:43:46+00:00,1742414 TRINITY LAUNDRY CART 3 BAG SORTER,$39.97,,https://cocowest.ca/2025/10/costco-flyer-costco-sale-items-for-october-20-26-2025-for-bc-ab-sk-mb/,2025-10-22T21:24:05,
"Costco Flyer & Costco Sale Items for October 20-26, 2025 for BC, AB, SK, MB",2025-10-20T22:43:46+00:00,8886776 PHILIPS ONEBLADE 360 TRIMMER & SHAVER (,$10.00,,https://cocowest.ca/2025/10/costco-flyer-costco-sale-items-for-october-20-26-2025-for-bc-ab-sk-mb/,2025-10-22T21:24:05,
"Costco Flyer & Costco Sale Items for October 20-26, 2025 for BC, AB, SK, MB",2025-10-20T22:43:46+00:00,2755983 DYSON SUPERSONIC HAIR DRYER WITH DISPLAY STAND (,$100.00,,https://cocowest.ca/2025/10/costco-flyer-costco-sale-items-for-october-20-26-2025-for-bc-ab-sk-mb/,2025-10-22T21:24:05,
"Costco Flyer & Costco Sale Items for October 20-26, 2025 for BC, AB, SK, MB",2025-10-20T22:43:46+00:00,CUPS 80 COUNT (,$12.00,,https://cocowest.ca/2025/10/costco-flyer-costco-sale-items-for-october-20-26-2025-for-bc-ab-sk-mb/,2025-10-22T21:24:05,
"Costco Flyer & Costco Sale Items for October 20-26, 2025 for BC, AB, SK, MB",2025-10-20T22:43:46+00:00,1909211 CHEFMAN TURBOFRY AIR FRYER 8.5L (9QT) (,$20.00,,https://cocowest.ca/2025/10/costco-flyer-costco-sale-items-for-october-20-26-2025-for-bc-ab-sk-mb/,2025-10-22T21:24:05,
"Costco Flyer & Costco Sale Items for October 20-26, 2025 for BC, AB, SK, MB",2025-10-20T22:43:46+00:00,2840892 SALTON INDUCTION COOKTOP,$29.97,,https://cocowest.ca/2025/10/costco-flyer-costco-sale-items-for-october-20-26-2025-for-bc-ab-sk-mb/,2025-10-22T21:24:05,
"Costco Flyer & Costco Sale Items for October 20-26, 2025 for BC, AB, SK, MB",2025-10-20T22:43:46+00:00,CUT BAGS (,$10.00,,https://cocowest.ca/2025/10/costco-flyer-costco-sale-items-for-october-20-26-2025-for-bc-ab-sk-mb/,2025-10-22T21:24:05,
"Costco Flyer & Costco Sale Items for October 20-26, 2025 for BC, AB, SK, MB",2025-10-20T22:43:46+00:00,1796160 OXO FOOD DISPENSER 5.2L,$29.97,,https://cocowest.ca/2025/10/costco-flyer-costco-sale-items-for-october-20-26-2025-for-bc-ab-sk-mb/,2025-10-22T21:24:05,
"Costco Flyer & Costco Sale Items for October 20-26, 2025 for BC, AB, SK, MB",2025-10-20T22:43:46+00:00,1730866 THERMOFLASK WATER BOTTLES 2 X 710ML,$19.97,,https://cocowest.ca/2025/10/costco-flyer-costco-sale-items-for-october-20-26-2025-for-bc-ab-sk-mb/,2025-10-22T21:24:05,
"Costco Flyer & Costco Sale Items for October 20-26, 2025 for BC, AB, SK, MB",2025-10-20T22:43:46+00:00,1833011 LOLE LUNCH BAG 8L CAPACITY,$13.97,,https://cocowest.ca/2025/10/costco-flyer-costco-sale-items-for-october-20-26-2025-for-bc-ab-sk-mb/,2025-10-22T21:24:05,
"Costco Flyer & Costco Sale Items for October 20-26, 2025 for BC, AB, SK, MB",2025-10-20T22:43:46+00:00,BOARD SET OF 2 (,$10.00,,https://cocowest.ca/2025/10/costco-flyer-costco-sale-items-for-october-20-26-2025-for-bc-ab-sk-mb/,2025-10-22T21:24:05,
"Costco Flyer & Costco Sale Items for October 20-26, 2025 for BC, AB, SK, MB",2025-10-20T22:43:46+00:00,1898669 LAURIE GATES DINNERWARE SET 16 PIECES,$39.97,,https://cocowest.ca/2025/10/costco-flyer-costco-sale-items-for-october-20-26-2025-for-bc-ab-sk-mb/,2025-10-22T21:24:05,
"Costco Flyer & Costco Sale Items for October 20-26, 2025 for BC, AB, SK, MB",2025-10-20T22:43:46+00:00,1631745 DURACELL LITHIUM 2032 BATTERY PACK OF 12 (,$4.00,,https://cocowest.ca/2025/10/costco-flyer-costco-sale-items-for-october-20-26-2025-for-bc-ab-sk-mb/,2025-10-22T21:24:05,
"Costco Flyer & Costco Sale Items for October 20-26, 2025 for BC, AB, SK, MB",2025-10-20T22:43:46+00:00,1509988 POLAR XTREME 58″ SNOW BRUSH AND ICE SCRAPER (,$4.00,,https://cocowest.ca/2025/10/costco-flyer-costco-sale-items-for-october-20-26-2025-for-bc-ab-sk-mb/,2025-10-22T21:24:05,
"Costco Flyer & Costco Sale Items for October 20-26, 2025 for BC, AB, SK, MB",2025-10-20T22:43:46+00:00,1680379 MICHELIN BEAM WIPER BLADES BLADE LENGTH 24 IN (,$4.00,,https://cocowest.ca/2025/10/costco-flyer-costco-sale-items-for-october-20-26-2025-for-bc-ab-sk-mb/,2025-10-22T21:24:05,
"Costco Flyer & Costco Sale Items for October 20-26, 2025 for BC, AB, SK, MB",2025-10-20T22:43:46+00:00,1754444 ARTIKA ALTITUDE FLUSHMOUNT 15IN DIAMETER,$24.97,,https://cocowest.ca/2025/10/costco-flyer-costco-sale-items-for-october-20-26-2025-for-bc-ab-sk-mb/,2025-10-22T21:24:05,
"Costco Flyer & Costco Sale Items for October 20-26, 2025 for BC, AB, SK, MB",2025-10-20T22:43:46+00:00,1806310 GOOD EARTH LED WALL LANTERN OUTDOOR USE,$39.97,,https://cocowest.ca/2025/10/costco-flyer-costco-sale-items-for-october-20-26-2025-for-bc-ab-sk-mb/,2025-10-22T21:24:05,
"Costco Flyer & Costco Sale Items for October 20-26, 2025 for BC, AB, SK, MB",2025-10-20T22:43:46+00:00,5850008 LUMINUS 4 INCH LED PANEL PACK OF 8,$29.97,,https://cocowest.ca/2025/10/costco-flyer-costco-sale-items-for-october-20-26-2025-for-bc-ab-sk-mb/,2025-10-22T21:24:05,
"Costco Flyer & Costco Sale Items for October 20-26, 2025 for BC, AB, SK, MB",2025-10-20T22:43:46+00:00,1908718 KOHLER SHOWER COLUMN KIT HYDRORAIL (,$40.00,,https://cocowest.ca/2025/10/costco-flyer-costco-sale-items-for-october-20-26-2025-for-bc-ab-sk-mb/,2025-10-22T21:24:05,
"Costco Flyer & Costco Sale Items for October 20-26, 2025 for BC, AB, SK, MB",2025-10-20T22:43:46+00:00,1734187 PRIME EXTENSION CORD 2X50FT 2FT 3 OUTLET ADAPTER,$39.97,,https://cocowest.ca/2025/10/costco-flyer-costco-sale-items-for-october-20-26-2025-for-bc-ab-sk-mb/,2025-10-22T21:24:05,
"Costco Flyer & Costco Sale Items for October 20-26, 2025 for BC, AB, SK, MB",2025-10-20T22:43:46+00:00,3807583 KIDDE SMOKE & CO ALARM PACK OF 2 (,$30.00,,https://cocowest.ca/2025/10/costco-flyer-costco-sale-items-for-october-20-26-2025-for-bc-ab-sk-mb/,2025-10-22T21:24:05,
"Costco Flyer & Costco Sale Items for October 20-26, 2025 for BC, AB, SK, MB",2025-10-20T22:43:46+00:00,2807583 KIDDE SMOKE & CO ALARM PACK OF 2 (,$30.00,,https://cocowest.ca/2025/10/costco-flyer-costco-sale-items-for-october-20-26-2025-for-bc-ab-sk-mb/,2025-10-22T21:24:05,
"Costco Flyer & Costco Sale Items for October 20-26, 2025 for BC, AB, SK, MB",2025-10-20T22:43:46+00:00,3380444 SWIFFER SWEEPER DRY CLOTHS PACK OF 84 (,$5.00,,https://cocowest.ca/2025/10/costco-flyer-costco-sale-items-for-october-20-26-2025-for-bc-ab-sk-mb/,2025-10-22T21:24:05,
"Costco Flyer & Costco Sale Items for October 20-26, 2025 for BC, AB, SK, MB",2025-10-20T22:43:46+00:00,3380446 SWIFFER SWEEPER WET REFILLS PACK OF 64 (,$5.00,,https://cocowest.ca/2025/10/costco-flyer-costco-sale-items-for-october-20-26-2025-for-bc-ab-sk-mb/,2025-10-22T21:24:05,
"Costco Flyer & Costco Sale Items for October 20-26, 2025 for BC, AB, SK, MB",2025-10-20T22:43:46+00:00,1417309 DAWN POWERWASH DISHWASHING DETERGENT 3 x 473 mL (,$2.50,,https://cocowest.ca/2025/10/costco-flyer-costco-sale-items-for-october-20-26-2025-for-bc-ab-sk-mb/,2025-10-22T21:24:05,
"Costco Flyer & Costco Sale Items for October 20-26, 2025 for BC, AB, SK, MB",2025-10-20T22:43:46+00:00,1848324 HOTO CORDLESS SPIN SCRUBBER W/ATTACHMENTS (,$15.00,,https://cocowest.ca/2025/10/costco-flyer-costco-sale-items-for-october-20-26-2025-for-bc-ab-sk-mb/,2025-10-22T21:24:05,
"Costco Flyer & Costco Sale Items for October 20-26, 2025 for BC, AB, SK, MB",2025-10-20T22:43:46+00:00,1796448 DRANO MAX GEL ULTRA 3.8L (,$3.00,,https://cocowest.ca/2025/10/costco-flyer-costco-sale-items-for-october-20-26-2025-for-bc-ab-sk-mb/,2025-10-22T21:24:05,
"Costco Flyer & Costco Sale Items for October 20-26, 2025 for BC, AB, SK, MB",2025-10-20T22:43:46+00:00,1671616 DEWALT 8 GALLON WET/DRY VAC (,$20.00,,https://cocowest.ca/2025/10/costco-flyer-costco-sale-items-for-october-20-26-2025-for-bc-ab-sk-mb/,2025-10-22T21:24:05,
"Costco Flyer & Costco Sale Items for October 20-26, 2025 for BC, AB, SK, MB",2025-10-20T22:43:46+00:00,1744809 DOG DELIGHTS BEEF TENDERSTICKS 600G (,$4.00,,https://cocowest.ca/2025/10/costco-flyer-costco-sale-items-for-october-20-26-2025-for-bc-ab-sk-mb/,2025-10-22T21:24:05,
"Costco Flyer & Costco Sale Items for October 20-26, 2025 for BC, AB, SK, MB",2025-10-20T22:43:46+00:00,3862780 PALMOLIVE ADVANCED LIQUID DISH DETERGENT 4.27 L (,$2.00,,https://cocowest.ca/2025/10/costco-flyer-costco-sale-items-for-october-20-26-2025-for-bc-ab-sk-mb/,2025-10-22T21:24:05,
"Costco Flyer & Costco Sale Items for October 20-26, 2025 for BC, AB, SK, MB",2025-10-20T22:43:46+00:00,BRITE FLEX SCRUB PACK OF 8 (,$4.00,,https://cocowest.ca/2025/10/costco-flyer-costco-sale-items-for-october-20-26-2025-for-bc-ab-sk-mb/,2025-10-22T21:24:05,
"Costco Flyer & Costco Sale Items for October 20-26, 2025 for BC, AB, SK, MB",2025-10-20T22:43:46+00:00,1379799 MR. CLEAN MAGIC ERASER VARIETY PACK PACK OF 15 (,$4.00,,https://cocowest.ca/2025/10/costco-flyer-costco-sale-items-for-october-20-26-2025-for-bc-ab-sk-mb/,2025-10-22T21:24:05,
"Costco Flyer & Costco Sale Items for October 20-26, 2025 for BC, AB, SK, MB",2025-10-20T22:43:46+00:00,4556655 SCOTTS SUPREME GRASS SEED 3.8KG BAG,$19.97,,https://cocowest.ca/2025/10/costco-flyer-costco-sale-items-for-october-20-26-2025-for-bc-ab-sk-mb/,2025-10-22T21:24:05,
"Costco Flyer & Costco Sale Items for October 20-26, 2025 for BC, AB, SK, MB",2025-10-20T22:43:46+00:00,1012140 SCOTTS EZ SEED 11.3KG BAG,$49.97,,https://cocowest.ca/2025/10/costco-flyer-costco-sale-items-for-october-20-26-2025-for-bc-ab-sk-mb/,2025-10-22T21:24:05,
"Costco Flyer & Costco Sale Items for October 20-26, 2025 for BC, AB, SK, MB",2025-10-20T22:43:46+00:00,8827196 FEBREZE AIR EFFECTS VARIETY PACK 4 X 250 G (,$3.00,,https://cocowest.ca/2025/10/costco-flyer-costco-sale-items-for-october-20-26-2025-for-bc-ab-sk-mb/,2025-10-22T21:24:05,
"Costco Flyer & Costco Sale Items for October 20-26, 2025 for BC, AB, SK, MB",2025-10-20T22:43:46+00:00,3458556 TIDE LIQUID COLDWATER HE 4.7L 124 WASHLOADS (,$6.00,,https://cocowest.ca/2025/10/costco-flyer-costco-sale-items-for-october-20-26-2025-for-bc-ab-sk-mb/,2025-10-22T21:24:05,
"Costco Flyer & Costco Sale Items for October 20-26, 2025 for BC, AB, SK, MB",2025-10-20T22:43:46+00:00,1614173 OROWEAT KETO 7″ TORTILLAS 15 x 41g (,$2.00,,https://cocowest.ca/2025/10/costco-flyer-costco-sale-items-for-october-20-26-2025-for-bc-ab-sk-mb/,2025-10-22T21:24:05,
"Costco Flyer & Costco Sale Items for October 20-26, 2025 for BC, AB, SK, MB",2025-10-20T22:43:46+00:00,1218587 SWIFFER DUSTERS REFILLS 28 COUNT (,$5.00,,https://cocowest.ca/2025/10/costco-flyer-costco-sale-items-for-october-20-26-2025-for-bc-ab-sk-mb/,2025-10-22T21:24:05,
"Costco Flyer & Costco Sale Items for October 20-26, 2025 for BC, AB, SK, MB",2025-10-20T22:43:46+00:00,690349 WINDEX GLASS CLEANER 5L + 950ML (,$5.00,,https://cocowest.ca/2025/10/costco-flyer-costco-sale-items-for-october-20-26-2025-for-bc-ab-sk-mb/,2025-10-22T21:24:05,
"Costco Flyer & Costco Sale Items for October 20-26, 2025 for BC, AB, SK, MB",2025-10-20T22:43:46+00:00,5276 RED SEEDLESS GRAPES PRODUCT OF USA (,$2.00,,https://cocowest.ca/2025/10/costco-flyer-costco-sale-items-for-october-20-26-2025-for-bc-ab-sk-mb/,2025-10-22T21:24:05,
"Costco Flyer & Costco Sale Items for October 20-26, 2025 for BC, AB, SK, MB",2025-10-20T22:43:46+00:00,31097 (ALSO 31098) PORK LOIN CENTRE & RIB BONELESS (,$6.00,,https://cocowest.ca/2025/10/costco-flyer-costco-sale-items-for-october-20-26-2025-for-bc-ab-sk-mb/,2025-10-22T21:24:05,
"Costco Flyer & Costco Sale Items for October 20-26, 2025 for BC, AB, SK, MB",2025-10-20T22:43:46+00:00,107725 SKOTIDAKIS TZATZIKI 2 x 454g (,$2.00,,https://cocowest.ca/2025/10/costco-flyer-costco-sale-items-for-october-20-26-2025-for-bc-ab-sk-mb/,2025-10-22T21:24:05,
"Costco Flyer & Costco Sale Items for October 20-26, 2025 for BC, AB, SK, MB",2025-10-20T22:43:46+00:00,115226 ORGANIC SHIITAKE MUSHROOMS PRODUCT OF CANADA (,$2.00,,https://cocowest.ca/2025/10/costco-flyer-costco-sale-items-for-october-20-26-2025-for-bc-ab-sk-mb/,2025-10-22T21:24:05,
"Costco Flyer & Costco Sale Items for October 20-26, 2025 for BC, AB, SK, MB",2025-10-20T22:43:46+00:00,55503 CHICKEN BREASTS BONELESS SKINLESS (,$5.00,,https://cocowest.ca/2025/10/costco-flyer-costco-sale-items-for-october-20-26-2025-for-bc-ab-sk-mb/,2025-10-22T21:24:05,
"Costco Flyer & Costco Sale Items for October 20-26, 2025 for BC, AB, SK, MB",2025-10-20T22:43:46+00:00,21877 RIB GRILLING STEAK THIN CUT (,$15.00,,https://cocowest.ca/2025/10/costco-flyer-costco-sale-items-for-october-20-26-2025-for-bc-ab-sk-mb/,2025-10-22T21:24:05,
"Costco Flyer & Costco Sale Items for October 20-26, 2025 for BC, AB, SK, MB",2025-10-20T22:43:46+00:00,5052001 PRAIRIE CREEK KITCHEN BEEF SAUSAGE ROLLS 900g (,$3.00,,https://cocowest.ca/2025/10/costco-flyer-costco-sale-items-for-october-20-26-2025-for-bc-ab-sk-mb/,2025-10-22T21:24:05,
"Costco Flyer & Costco Sale Items for October 20-26, 2025 for BC, AB, SK, MB",2025-10-20T22:43:46+00:00,32605 STEELHEAD TROUT FILLET (FARMED) (,$5.00,,https://cocowest.ca/2025/10/costco-flyer-costco-sale-items-for-october-20-26-2025-for-bc-ab-sk-mb/,2025-10-22T21:24:05,
"Costco Flyer & Costco Sale Items for October 20-26, 2025 for BC, AB, SK, MB",2025-10-20T22:43:46+00:00,1791650 SAPUTO MONTEREY JACK SLICES 640G (,$2.50,,https://cocowest.ca/2025/10/costco-flyer-costco-sale-items-for-october-20-26-2025-for-bc-ab-sk-mb/,2025-10-22T21:24:05,
"Costco Flyer & Costco Sale Items for October 20-26, 2025 for BC, AB, SK, MB",2025-10-20T22:43:46+00:00,438342 WHOLLY GUACAMOLE ORGANIC MINI GUACAMOLE 12 x 57 g (,$3.50,,https://cocowest.ca/2025/10/costco-flyer-costco-sale-items-for-october-20-26-2025-for-bc-ab-sk-mb/,2025-10-22T21:24:05,
"Costco Flyer & Costco Sale Items for October 20-26, 2025 for BC, AB, SK, MB",2025-10-20T22:43:46+00:00,376337 DELICI SEA SALT CARAMEL MOUSSE 6 x 76 g (,$3.00,,https://cocowest.ca/2025/10/costco-flyer-costco-sale-items-for-october-20-26-2025-for-bc-ab-sk-mb/,2025-10-22T21:24:05,
"Costco Flyer & Costco Sale Items for October 20-26, 2025 for BC, AB, SK, MB",2025-10-20T22:43:46+00:00,5056000 DESSERT ITALIANO FRESH ITALIAN TIRAMISU 6 X 85 G (,$3.00,,https://cocowest.ca/2025/10/costco-flyer-costco-sale-items-for-october-20-26-2025-for-bc-ab-sk-mb/,2025-10-22T21:24:05,
"Costco Flyer & Costco Sale Items for October 20-26, 2025 for BC, AB, SK, MB",2025-10-20T22:43:46+00:00,1182348 GIOVANNI RANA MICROWAVEABLE MEAL KIT 1.14 kg (,$4.00,,https://cocowest.ca/2025/10/costco-flyer-costco-sale-items-for-october-20-26-2025-for-bc-ab-sk-mb/,2025-10-22T21:24:05,
"Costco Flyer & Costco Sale Items for October 20-26, 2025 for BC, AB, SK, MB",2025-10-20T22:43:46+00:00,1953442 SCOIATTOLO ARRABBIATA RAVIOLI 2 X 454G (,$3.00,,https://cocowest.ca/2025/10/costco-flyer-costco-sale-items-for-october-20-26-2025-for-bc-ab-sk-mb/,2025-10-22T21:24:05,
"Costco Flyer & Costco Sale Items for October 20-26, 2025 for BC, AB, SK, MB",2025-10-20T22:43:46+00:00,1351997 DJ&A SHIITAKE MUSHROOM CRISPS 300 G (,$2.00,,https://cocowest.ca/2025/10/costco-flyer-costco-sale-items-for-october-20-26-2025-for-bc-ab-sk-mb/,2025-10-22T21:24:05,
"Costco Flyer & Costco Sale Items for October 20-26, 2025 for BC, AB, SK, MB",2025-10-20T22:43:46+00:00,1865624 LUCIA’S MEXICAN RECIPE PORK CARNITAS 2 X 500G (,$4.00,,https://cocowest.ca/2025/10/costco-flyer-costco-sale-items-for-october-20-26-2025-for-bc-ab-sk-mb/,2025-10-22T21:24:05,
"Costco Flyer & Costco Sale Items for October 20-26, 2025 for BC, AB, SK, MB",2025-10-20T22:43:46+00:00,M! VEGETABLE SPRING ROLL 1 kg (,$2.00,,https://cocowest.ca/2025/10/costco-flyer-costco-sale-items-for-october-20-26-2025-for-bc-ab-sk-mb/,2025-10-22T21:24:05,
"Costco Flyer & Costco Sale Items for October 20-26, 2025 for BC, AB, SK, MB",2025-10-20T22:43:46+00:00,1670109 RESER’S BAKED SCALLOPED POTATOES 1.1 kg (,$2.50,,https://cocowest.ca/2025/10/costco-flyer-costco-sale-items-for-october-20-26-2025-for-bc-ab-sk-mb/,2025-10-22T21:24:05,
"Costco Flyer & Costco Sale Items for October 20-26, 2025 for BC, AB, SK, MB",2025-10-20T22:43:46+00:00,1962134 BENTGO LUNCH BOX SET PACK OF 2,$29.97,,https://cocowest.ca/2025/10/costco-flyer-costco-sale-items-for-october-20-26-2025-for-bc-ab-sk-mb/,2025-10-22T21:24:05,
"Costco Flyer & Costco Sale Items for October 20-26, 2025 for BC, AB, SK, MB",2025-10-20T22:43:46+00:00,1591321 WHISKWARE SNACKING CONTAINERS PACK OF 3,$19.97,,https://cocowest.ca/2025/10/costco-flyer-costco-sale-items-for-october-20-26-2025-for-bc-ab-sk-mb/,2025-10-22T21:24:05,
"Costco Flyer & Costco Sale Items for October 20-26, 2025 for BC, AB, SK, MB",2025-10-20T22:43:46+00:00,306657 GATORADE VARIETY PACK 28 x 591 ml (,$5.00,,https://cocowest.ca/2025/10/costco-flyer-costco-sale-items-for-october-20-26-2025-for-bc-ab-sk-mb/,2025-10-22T21:24:05,
"Costco Flyer & Costco Sale Items for October 20-26, 2025 for BC, AB, SK, MB",2025-10-20T22:43:46+00:00,ALCOHOLIC SELTZER 15 X 355ML,$16.97,,https://cocowest.ca/2025/10/costco-flyer-costco-sale-items-for-october-20-26-2025-for-bc-ab-sk-mb/,2025-10-22T21:24:05,
"Costco Flyer & Costco Sale Items for October 20-26, 2025 for BC, AB, SK, MB",2025-10-20T22:43:46+00:00,ALCOHOLIC BEER 24 X 330ML (,$7.00,,https://cocowest.ca/2025/10/costco-flyer-costco-sale-items-for-october-20-26-2025-for-bc-ab-sk-mb/,2025-10-22T21:24:05,
"Costco Flyer & Costco Sale Items for October 20-26, 2025 for BC, AB, SK, MB",2025-10-20T22:43:46+00:00,1919781 ZOA ENERGY ZERO SUGAR VARIETY 18 X 355ML (,$9.00,,https://cocowest.ca/2025/10/costco-flyer-costco-sale-items-for-october-20-26-2025-for-bc-ab-sk-mb/,2025-10-22T21:24:05,
"Costco Flyer & Costco Sale Items for October 20-26, 2025 for BC, AB, SK, MB",2025-10-20T22:43:46+00:00,4458722 PUREX BATHROOM TISSUE 40 ROLLS X 250 SHEETS (,$5.50,,https://cocowest.ca/2025/10/costco-flyer-costco-sale-items-for-october-20-26-2025-for-bc-ab-sk-mb/,2025-10-22T21:24:05,
"Costco Flyer & Costco Sale Items for October 20-26, 2025 for BC, AB, SK, MB",2025-10-20T22:43:46+00:00,1717599 BOUNTY PLUS PAPER TOWEL 12 X 91 SHEETS (,$6.50,,https://cocowest.ca/2025/10/costco-flyer-costco-sale-items-for-october-20-26-2025-for-bc-ab-sk-mb/,2025-10-22T21:24:05,
"Costco Flyer & Costco Sale Items for October 20-26, 2025 for BC, AB, SK, MB",2025-10-20T22:43:46+00:00,2446056 SCOTTIES PREMIUM 2 PLY FACIAL TISSUE 21 BOXES X 126 SHEETS (,$6.00,,https://cocowest.ca/2025/10/costco-flyer-costco-sale-items-for-october-20-26-2025-for-bc-ab-sk-mb/,2025-10-22T21:24:05,
"Costco Flyer & Costco Sale Items for October 20-26, 2025 for BC, AB, SK, MB",2025-10-20T22:43:46+00:00,1872053 SPARKLING ICE STARBURST VARIETY 24 X 503ML (,$5.00,,https://cocowest.ca/2025/10/costco-flyer-costco-sale-items-for-october-20-26-2025-for-bc-ab-sk-mb/,2025-10-22T21:24:05,
"Costco Flyer & Costco Sale Items for October 20-26, 2025 for BC, AB, SK, MB",2025-10-20T22:43:46+00:00,1316393 GATORADE ZERO SPORTS DRINK 28 x 591 ml (,$5.00,,https://cocowest.ca/2025/10/costco-flyer-costco-sale-items-for-october-20-26-2025-for-bc-ab-sk-mb/,2025-10-22T21:24:05,
"Costco Flyer & Costco Sale Items for October 20-26, 2025 for BC, AB, SK, MB",2025-10-20T22:43:46+00:00,1510729 BLUE MONKEY SPARKLING JUICE 16 X 330 ML (,$4.00,,https://cocowest.ca/2025/10/costco-flyer-costco-sale-items-for-october-20-26-2025-for-bc-ab-sk-mb/,2025-10-22T21:24:05,
"Costco Flyer & Costco Sale Items for October 20-26, 2025 for BC, AB, SK, MB",2025-10-20T22:43:46+00:00,829222 SUN TROPICS MANGO JUICE 2 X 1.89L (,$2.50,,https://cocowest.ca/2025/10/costco-flyer-costco-sale-items-for-october-20-26-2025-for-bc-ab-sk-mb/,2025-10-22T21:24:05,
"Costco Flyer & Costco Sale Items for October 20-26, 2025 for BC, AB, SK, MB",2025-10-20T22:43:46+00:00,1494819 INNO FOODS ALMOND FRUIT CRUNCH 900 g (,$3.00,,https://cocowest.ca/2025/10/costco-flyer-costco-sale-items-for-october-20-26-2025-for-bc-ab-sk-mb/,2025-10-22T21:24:05,
"Costco Flyer & Costco Sale Items for October 20-26, 2025 for BC, AB, SK, MB",2025-10-20T22:43:46+00:00,1759 TETLEY ORANGE PEKEO TEA PACK OF 300 (,$3.00,,https://cocowest.ca/2025/10/costco-flyer-costco-sale-items-for-october-20-26-2025-for-bc-ab-sk-mb/,2025-10-22T21:24:05,
"Costco Flyer & Costco Sale Items for October 20-26, 2025 for BC, AB, SK, MB",2025-10-20T22:43:46+00:00,1124423 NATURE’S PATH COCONUT CASHEW GRANOLA 720 g (,$4.00,,https://cocowest.ca/2025/10/costco-flyer-costco-sale-items-for-october-20-26-2025-for-bc-ab-sk-mb/,2025-10-22T21:24:05,
"Costco Flyer & Costco Sale Items for October 20-26, 2025 for BC, AB, SK, MB",2025-10-20T22:43:46+00:00,1412124 QUAKER QUICK OATS 5.16 kg (,$2.50,,https://cocowest.ca/2025/10/costco-flyer-costco-sale-items-for-october-20-26-2025-for-bc-ab-sk-mb/,2025-10-22T21:24:05,
"Costco Flyer & Costco Sale Items for October 20-26, 2025 for BC, AB, SK, MB",2025-10-20T22:43:46+00:00,137959 ZAVIDA HAZELNUT VANILLA BEANS 907 g (,$5.00,,https://cocowest.ca/2025/10/costco-flyer-costco-sale-items-for-october-20-26-2025-for-bc-ab-sk-mb/,2025-10-22T21:24:05,
"Costco Flyer & Costco Sale Items for October 20-26, 2025 for BC, AB, SK, MB",2025-10-20T22:43:46+00:00,525 CARNATION 5 SIMPLE INGREDIENTS HOT CHOCOLATE 1.9 kg (,$4.00,,https://cocowest.ca/2025/10/costco-flyer-costco-sale-items-for-october-20-26-2025-for-bc-ab-sk-mb/,2025-10-22T21:24:05,
"Costco Flyer & Costco Sale Items for October 20-26, 2025 for BC, AB, SK, MB",2025-10-20T22:43:46+00:00,1208941 LOTUS BISCOFF COOKIE 4 x 250 g (,$2.50,,https://cocowest.ca/2025/10/costco-flyer-costco-sale-items-for-october-20-26-2025-for-bc-ab-sk-mb/,2025-10-22T21:24:05,
"Costco Flyer & Costco Sale Items for October 20-26, 2025 for BC, AB, SK, MB",2025-10-20T22:43:46+00:00,1144571 CRUCHMASTER SOUR CREAM AND HERB 454G (,$3.00,,https://cocowest.ca/2025/10/costco-flyer-costco-sale-items-for-october-20-26-2025-for-bc-ab-sk-mb/,2025-10-22T21:24:05,
"Costco Flyer & Costco Sale Items for October 20-26, 2025 for BC, AB, SK, MB",2025-10-20T22:43:46+00:00,5756101 RW GARCIA JALAPENO CRACKERS 850G (,$2.50,,https://cocowest.ca/2025/10/costco-flyer-costco-sale-items-for-october-20-26-2025-for-bc-ab-sk-mb/,2025-10-22T21:24:05,
"Costco Flyer & Costco Sale Items for October 20-26, 2025 for BC, AB, SK, MB",2025-10-20T22:43:46+00:00,339054 PEPPERIDGE FARM GOLDFISH CRACKERS 1.64 kg (,$3.00,,https://cocowest.ca/2025/10/costco-flyer-costco-sale-items-for-october-20-26-2025-for-bc-ab-sk-mb/,2025-10-22T21:24:05,
"Costco Flyer & Costco Sale Items for October 20-26, 2025 for BC, AB, SK, MB",2025-10-20T22:43:46+00:00,1887124 STAR OF NIIGATA UMAMI RICE CRACKER 10 X 30G (,$4.00,,https://cocowest.ca/2025/10/costco-flyer-costco-sale-items-for-october-20-26-2025-for-bc-ab-sk-mb/,2025-10-22T21:24:05,
"Costco Flyer & Costco Sale Items for October 20-26, 2025 for BC, AB, SK, MB",2025-10-20T22:43:46+00:00,1903468 LILLIE’S CHICKEN TENDER SAUCE 828ML,$7.97,,https://cocowest.ca/2025/10/costco-flyer-costco-sale-items-for-october-20-26-2025-for-bc-ab-sk-mb/,2025-10-22T21:24:05,
"Costco Flyer & Costco Sale Items for October 20-26, 2025 for BC, AB, SK, MB",2025-10-20T22:43:46+00:00,1747225 KINDER’S HONEY HOT BBQ SAUCE 598 ML,$5.97,,https://cocowest.ca/2025/10/costco-flyer-costco-sale-items-for-october-20-26-2025-for-bc-ab-sk-mb/,2025-10-22T21:24:05,
"Costco Flyer & Costco Sale Items for October 20-26, 2025 for BC, AB, SK, MB",2025-10-20T22:43:46+00:00,1373299 SIMPLY CAMPBELL’S CHICKEN BROTH 6 X 946ML (,$2.50,,https://cocowest.ca/2025/10/costco-flyer-costco-sale-items-for-october-20-26-2025-for-bc-ab-sk-mb/,2025-10-22T21:24:05,
"Costco Flyer & Costco Sale Items for October 20-26, 2025 for BC, AB, SK, MB",2025-10-20T22:43:46+00:00,1400953 SIMPLE MILLS ALMOND FLOUR CRACKERS 482 g (,$3.00,,https://cocowest.ca/2025/10/costco-flyer-costco-sale-items-for-october-20-26-2025-for-bc-ab-sk-mb/,2025-10-22T21:24:05,
"Costco Flyer & Costco Sale Items for October 20-26, 2025 for BC, AB, SK, MB",2025-10-20T22:43:46+00:00,1359722 KFI BUTTER CHICKEN SAUCE 2 x 650 mL (,$2.00,,https://cocowest.ca/2025/10/costco-flyer-costco-sale-items-for-october-20-26-2025-for-bc-ab-sk-mb/,2025-10-22T21:24:05,
"Costco Flyer & Costco Sale Items for October 20-26, 2025 for BC, AB, SK, MB",2025-10-20T22:43:46+00:00,1890513 THE RICE STUFF BOX FRIED RICE 6 X 70G,$8.97,,https://cocowest.ca/2025/10/costco-flyer-costco-sale-items-for-october-20-26-2025-for-bc-ab-sk-mb/,2025-10-22T21:24:05,
"Costco Flyer & Costco Sale Items for October 20-26, 2025 for BC, AB, SK, MB",2025-10-20T22:43:46+00:00,1212236 ALLEN FAMILY FOODS CHICKEN NOODLE SOUP 6 X 400G (,$4.00,,https://cocowest.ca/2025/10/costco-flyer-costco-sale-items-for-october-20-26-2025-for-bc-ab-sk-mb/,2025-10-22T21:24:05,
"Costco Flyer & Costco Sale Items for October 20-26, 2025 for BC, AB, SK, MB",2025-10-20T22:43:46+00:00,1154953 KIRKLAND SIGNATURE MARBLE CHEDDAR 1.15 KG (,$3.00,,https://cocowest.ca/2025/10/costco-flyer-costco-sale-items-for-october-20-26-2025-for-bc-ab-sk-mb/,2025-10-22T21:24:05,
"Costco Flyer & Costco Sale Items for October 20-26, 2025 for BC, AB, SK, MB",2025-10-20T22:43:46+00:00,680 KRAFT CHEESE SLICES 1.25 kg (,$2.00,,https://cocowest.ca/2025/10/costco-flyer-costco-sale-items-for-october-20-26-2025-for-bc-ab-sk-mb/,2025-10-22T21:24:05,
"Costco Flyer & Costco Sale Items for October 20-26, 2025 for BC, AB, SK, MB",2025-10-20T22:43:46+00:00,5086 BLACK DIAMOND MARBLE CHEESESTRINGS 40 x 21 g (,$3.00,,https://cocowest.ca/2025/10/costco-flyer-costco-sale-items-for-october-20-26-2025-for-bc-ab-sk-mb/,2025-10-22T21:24:05,
"Costco Flyer & Costco Sale Items for October 20-26, 2025 for BC, AB, SK, MB",2025-10-20T22:43:46+00:00,298801 POM WONDERFUL POMEGRANATE JUICE 1.8 L (,$3.50,,https://cocowest.ca/2025/10/costco-flyer-costco-sale-items-for-october-20-26-2025-for-bc-ab-sk-mb/,2025-10-22T21:24:05,
"Costco Flyer & Costco Sale Items for October 20-26, 2025 for BC, AB, SK, MB",2025-10-20T22:43:46+00:00,1876640 GREENHOUSE GINGER DEFENCE 12 X 60ML (,$4.00,,https://cocowest.ca/2025/10/costco-flyer-costco-sale-items-for-october-20-26-2025-for-bc-ab-sk-mb/,2025-10-22T21:24:05,
"Costco Flyer & Costco Sale Items for October 20-26, 2025 for BC, AB, SK, MB",2025-10-20T22:43:46+00:00,1195239 DANONE ACTIVIA LACTOSE FREE YOGURT 24 x 100 g (,$2.20,,https://cocowest.ca/2025/10/costco-flyer-costco-sale-items-for-october-20-26-2025-for-bc-ab-sk-mb/,2025-10-22T21:24:05,
"Costco Flyer & Costco Sale Items for October 20-26, 2025 for BC, AB, SK, MB",2025-10-20T22:43:46+00:00,2743612 DANONE OIKOS 3% GREEK YOGURT 24 X 100 G (,$4.00,,https://cocowest.ca/2025/10/costco-flyer-costco-sale-items-for-october-20-26-2025-for-bc-ab-sk-mb/,2025-10-22T21:24:05,
"Costco Flyer & Costco Sale Items for October 20-26, 2025 for BC, AB, SK, MB",2025-10-20T22:43:46+00:00,1296948 OLYMPIC GRASSFED ORGANIC VANILLA YOGURT 2.2KG (,$3.00,,https://cocowest.ca/2025/10/costco-flyer-costco-sale-items-for-october-20-26-2025-for-bc-ab-sk-mb/,2025-10-22T21:24:05,
"Costco Flyer & Costco Sale Items for October 20-26, 2025 for BC, AB, SK, MB",2025-10-20T22:43:46+00:00,1492047 COVE KOMBUCHA VARIETY PACK 10 X 355 ML (,$4.00,,https://cocowest.ca/2025/10/costco-flyer-costco-sale-items-for-october-20-26-2025-for-bc-ab-sk-mb/,2025-10-22T21:24:05,
"Costco Flyer & Costco Sale Items for October 20-26, 2025 for BC, AB, SK, MB",2025-10-20T22:43:46+00:00,262313 THE SNACK FACTORY PRETZEL CRISPS 737 g (,$2.00,,https://cocowest.ca/2025/10/costco-flyer-costco-sale-items-for-october-20-26-2025-for-bc-ab-sk-mb/,2025-10-22T21:24:05,
"Costco Flyer & Costco Sale Items for October 20-26, 2025 for BC, AB, SK, MB",2025-10-20T22:43:46+00:00,1945680 CHEETOS MAGIC MASALA PUFFS 520G (,$2.00,,https://cocowest.ca/2025/10/costco-flyer-costco-sale-items-for-october-20-26-2025-for-bc-ab-sk-mb/,2025-10-22T21:24:05,
"Costco Flyer & Costco Sale Items for October 20-26, 2025 for BC, AB, SK, MB",2025-10-20T22:43:46+00:00,1696237 FRITO LAY RUFFLES REGULAR 612 G (,$2.00,,https://cocowest.ca/2025/10/costco-flyer-costco-sale-items-for-october-20-26-2025-for-bc-ab-sk-mb/,2025-10-22T21:24:05,
"Costco Flyer & Costco Sale Items for October 20-26, 2025 for BC, AB, SK, MB",2025-10-20T22:43:46+00:00,5638856 CJ BIBIGO BEEF BULGOGI MANDU 1.36 kg (,$4.00,,https://cocowest.ca/2025/10/costco-flyer-costco-sale-items-for-october-20-26-2025-for-bc-ab-sk-mb/,2025-10-22T21:24:05,
"Costco Flyer & Costco Sale Items for October 20-26, 2025 for BC, AB, SK, MB",2025-10-20T22:43:46+00:00,1874356 PURAVIDA FIRE ROASTED ROOT VEGETALES 1.8KG (,$5.00,,https://cocowest.ca/2025/10/costco-flyer-costco-sale-items-for-october-20-26-2025-for-bc-ab-sk-mb/,2025-10-22T21:24:05,
"Costco Flyer & Costco Sale Items for October 20-26, 2025 for BC, AB, SK, MB",2025-10-20T22:43:46+00:00,184877 VANILLA MEGA ICE CREAM SANDWICH 30 X 190 ML (,$4.00,,https://cocowest.ca/2025/10/costco-flyer-costco-sale-items-for-october-20-26-2025-for-bc-ab-sk-mb/,2025-10-22T21:24:05,
"Costco Flyer & Costco Sale Items for October 20-26, 2025 for BC, AB, SK, MB",2025-10-20T22:43:46+00:00,1276212 CJ BIBIGO PORK & VEG DUMPLINGS 1.1KG (,$4.00,,https://cocowest.ca/2025/10/costco-flyer-costco-sale-items-for-october-20-26-2025-for-bc-ab-sk-mb/,2025-10-22T21:24:05,
"Costco Flyer & Costco Sale Items for October 20-26, 2025 for BC, AB, SK, MB",2025-10-20T22:43:46+00:00,1210029 MINI PORK EGG ROLLS 1.24 kg (,$3.00,,https://cocowest.ca/2025/10/costco-flyer-costco-sale-items-for-october-20-26-2025-for-bc-ab-sk-mb/,2025-10-22T21:24:05,
"Costco Flyer & Costco Sale Items for October 20-26, 2025 for BC, AB, SK, MB",2025-10-20T22:43:46+00:00,328466 ZINETTI MEAT LASAGNA 6 x 330 g (,$3.00,,https://cocowest.ca/2025/10/costco-flyer-costco-sale-items-for-october-20-26-2025-for-bc-ab-sk-mb/,2025-10-22T21:24:05,
"Costco Flyer & Costco Sale Items for October 20-26, 2025 for BC, AB, SK, MB",2025-10-20T22:43:46+00:00,FREE CHEESE PIZZA 2 X 496 G (,$4.50,,https://cocowest.ca/2025/10/costco-flyer-costco-sale-items-for-october-20-26-2025-for-bc-ab-sk-mb/,2025-10-22T21:24:05,
"Costco Flyer & Costco Sale Items for October 20-26, 2025 for BC, AB, SK, MB",2025-10-20T22:43:46+00:00,1345530 CANMAR ORGANIC MILLED FLAX 1.2kg (,$2.00,,https://cocowest.ca/2025/10/costco-flyer-costco-sale-items-for-october-20-26-2025-for-bc-ab-sk-mb/,2025-10-22T21:24:05,
"Costco Flyer & Costco Sale Items for October 20-26, 2025 for BC, AB, SK, MB",2025-10-20T22:43:46+00:00,628368 LISTERINE ULTRACLEAN MOUTHWASH 2 X 1.5L (,$4.00,,https://cocowest.ca/2025/10/costco-flyer-costco-sale-items-for-october-20-26-2025-for-bc-ab-sk-mb/,2025-10-22T21:24:05,
"Costco Flyer & Costco Sale Items for October 20-26, 2025 for BC, AB, SK, MB",2025-10-20T22:43:46+00:00,1969039 HERBAL ESSENCES SHAMPOO 1L (,$3.50,,https://cocowest.ca/2025/10/costco-flyer-costco-sale-items-for-october-20-26-2025-for-bc-ab-sk-mb/,2025-10-22T21:24:05,
"Costco Flyer & Costco Sale Items for October 20-26, 2025 for BC, AB, SK, MB",2025-10-20T22:43:46+00:00,2312452 HEAD & SHOULDERS SHAMPOO CLASSIC CLEAN 2 X 950 ML (,$5.50,,https://cocowest.ca/2025/10/costco-flyer-costco-sale-items-for-october-20-26-2025-for-bc-ab-sk-mb/,2025-10-22T21:24:05,
"Costco Flyer & Costco Sale Items for October 20-26, 2025 for BC, AB, SK, MB",2025-10-20T22:43:46+00:00,1903479 WOODLAND GOURMET TAMARIND BBQ SEASONING 311G,$3.97,,https://cocowest.ca/2025/10/costco-flyer-costco-sale-items-for-october-20-26-2025-for-bc-ab-sk-mb/,2025-10-22T21:24:05,
"Costco Flyer & Costco Sale Items for October 20-26, 2025 for BC, AB, SK, MB",2025-10-20T22:43:46+00:00,1782608 ORGANIC KINDER’S PRIME STEAK SEASONING 269G,$7.97,,https://cocowest.ca/2025/10/costco-flyer-costco-sale-items-for-october-20-26-2025-for-bc-ab-sk-mb/,2025-10-22T21:24:05,
"Costco Flyer & Costco Sale Items for October 20-26, 2025 for BC, AB, SK, MB",2025-10-20T22:43:46+00:00,1793854 BATISTE DRY SHAMPOO 2 X 300ML (,$4.00,,https://cocowest.ca/2025/10/costco-flyer-costco-sale-items-for-october-20-26-2025-for-bc-ab-sk-mb/,2025-10-22T21:24:05,
"Costco Flyer & Costco Sale Items for October 20-26, 2025 for BC, AB, SK, MB",2025-10-20T22:43:46+00:00,9626920 KIRKLAND SIGNATURE NON GMO INFANT FORMULA PROCARE 1.36KG (,$9.00,,https://cocowest.ca/2025/10/costco-flyer-costco-sale-items-for-october-20-26-2025-for-bc-ab-sk-mb/,2025-10-22T21:24:05,
"Costco Flyer & Costco Sale Items for October 20-26, 2025 for BC, AB, SK, MB",2025-10-20T22:43:46+00:00,6626921 KIRKLAND SIGNATURE NON GMO INFANT FORMULA SENSITIVE 1.36 kg (,$9.00,,https://cocowest.ca/2025/10/costco-flyer-costco-sale-items-for-october-20-26-2025-for-bc-ab-sk-mb/,2025-10-22T21:24:05,
"Costco Flyer & Costco Sale Items for October 20-26, 2025 for BC, AB, SK, MB",2025-10-20T22:43:46+00:00,1951562 NUTRIUS BRAZILIAN BODY SCRUB 2 X 170G (,$5.00,,https://cocowest.ca/2025/10/costco-flyer-costco-sale-items-for-october-20-26-2025-for-bc-ab-sk-mb/,2025-10-22T21:24:05,
"Costco Flyer & Costco Sale Items for October 20-26, 2025 for BC, AB, SK, MB",2025-10-20T22:43:46+00:00,B FLOSSER PCKS 450CT,$9.97,,https://cocowest.ca/2025/10/costco-flyer-costco-sale-items-for-october-20-26-2025-for-bc-ab-sk-mb/,2025-10-22T21:24:05,
"Costco Flyer & Costco Sale Items for October 20-26, 2025 for BC, AB, SK, MB",2025-10-20T22:43:46+00:00,M PROFESSIONAL CLEAN 450 CT (,$3.50,,https://cocowest.ca/2025/10/costco-flyer-costco-sale-items-for-october-20-26-2025-for-bc-ab-sk-mb/,2025-10-22T21:24:05,
"Costco Flyer & Costco Sale Items for October 20-26, 2025 for BC, AB, SK, MB",2025-10-20T22:43:46+00:00,1517853 CREST 3D WHITESTRIPS VIVID WHITE + 1 HR EXP 1 x 20 + 1 x 20 STRIPS (,$15.00,,https://cocowest.ca/2025/10/costco-flyer-costco-sale-items-for-october-20-26-2025-for-bc-ab-sk-mb/,2025-10-22T21:24:05,
"Costco Flyer & Costco Sale Items for October 20-26, 2025 for BC, AB, SK, MB",2025-10-20T22:43:46+00:00,RELIEF TOOTHPASTE 4 x 120 mL (,$3.50,,https://cocowest.ca/2025/10/costco-flyer-costco-sale-items-for-october-20-26-2025-for-bc-ab-sk-mb/,2025-10-22T21:24:05,
"Costco Flyer & Costco Sale Items for October 20-26, 2025 for BC, AB, SK, MB",2025-10-20T22:43:46+00:00,1853310 COLGATE ACTIVE PREVENT TOOTHPASTE 5 X 170ML (,$3.50,,https://cocowest.ca/2025/10/costco-flyer-costco-sale-items-for-october-20-26-2025-for-bc-ab-sk-mb/,2025-10-22T21:24:05,
"Costco Flyer & Costco Sale Items for October 20-26, 2025 for BC, AB, SK, MB",2025-10-20T22:43:46+00:00,PEPTIDES SERUM 2 X 30ML (,$11.00,,https://cocowest.ca/2025/10/costco-flyer-costco-sale-items-for-october-20-26-2025-for-bc-ab-sk-mb/,2025-10-22T21:24:05,
"Costco Flyer & Costco Sale Items for October 20-26, 2025 for BC, AB, SK, MB",2025-10-20T22:43:46+00:00,"3429203 JAMIESON VITAMIN C + ZINC 600MG, 340 TABLETS (",$3.50,,https://cocowest.ca/2025/10/costco-flyer-costco-sale-items-for-october-20-26-2025-for-bc-ab-sk-mb/,2025-10-22T21:24:05,
"Costco Flyer & Costco Sale Items for October 20-26, 2025 for BC, AB, SK, MB",2025-10-20T22:43:46+00:00,2941400 JAMIESON VITAMIN D3 1000IU 2X375 TABLETS (,$3.00,,https://cocowest.ca/2025/10/costco-flyer-costco-sale-items-for-october-20-26-2025-for-bc-ab-sk-mb/,2025-10-22T21:24:05,
"Costco Flyer & Costco Sale Items for October 20-26, 2025 for BC, AB, SK, MB",2025-10-20T22:43:46+00:00,1931258 AVEENO SKIN RELIEF BODY WASH 3 X 532ML (,$5.50,,https://cocowest.ca/2025/10/costco-flyer-costco-sale-items-for-october-20-26-2025-for-bc-ab-sk-mb/,2025-10-22T21:24:05,
"Costco Flyer & Costco Sale Items for October 20-26, 2025 for BC, AB, SK, MB",2025-10-20T22:43:46+00:00,1730860 AVEENO MOISTURIZING LOTION 2 X 710ML (,$5.00,,https://cocowest.ca/2025/10/costco-flyer-costco-sale-items-for-october-20-26-2025-for-bc-ab-sk-mb/,2025-10-22T21:24:05,
"Costco Flyer & Costco Sale Items for October 20-26, 2025 for BC, AB, SK, MB",2025-10-20T22:43:46+00:00,1153584 ORGANIKA REISHI MUSHROOM 360 CAPSULES (,$9.00,,https://cocowest.ca/2025/10/costco-flyer-costco-sale-items-for-october-20-26-2025-for-bc-ab-sk-mb/,2025-10-22T21:24:05,
"Costco Flyer & Costco Sale Items for October 20-26, 2025 for BC, AB, SK, MB",2025-10-20T22:43:46+00:00,270535 AVEENO POSITIVELY RADIANT 2 X 120ML,$19.97,,https://cocowest.ca/2025/10/costco-flyer-costco-sale-items-for-october-20-26-2025-for-bc-ab-sk-mb/,2025-10-22T21:24:05,
"Costco Flyer & Costco Sale Items for October 20-26, 2025 for BC, AB, SK, MB",2025-10-20T22:43:46+00:00,3186011 BREATHE RIGHT NASAL STRIPS EXT CLEAR PACK OF 72 (,$6.00,,https://cocowest.ca/2025/10/costco-flyer-costco-sale-items-for-october-20-26-2025-for-bc-ab-sk-mb/,2025-10-22T21:24:05,
"Costco Flyer & Costco Sale Items for October 20-26, 2025 for BC, AB, SK, MB",2025-10-20T22:43:46+00:00,GELS (,$6.00,,https://cocowest.ca/2025/10/costco-flyer-costco-sale-items-for-october-20-26-2025-for-bc-ab-sk-mb/,2025-10-22T21:24:05,
"Costco Flyer & Costco Sale Items for October 20-26, 2025 for BC, AB, SK, MB",2025-10-20T22:43:46+00:00,1400785 WEBBER NATURALS COLLAGEN30 WITH BIOTIN & CERAMIDES 200 TABLET (,$6.00,,https://cocowest.ca/2025/10/costco-flyer-costco-sale-items-for-october-20-26-2025-for-bc-ab-sk-mb/,2025-10-22T21:24:05,
"Costco Flyer & Costco Sale Items for October 20-26, 2025 for BC, AB, SK, MB",2025-10-20T22:43:46+00:00,5651913 JAMIESON PROBIOTIC 10 BILLION 150 COUNT (,$8.00,,https://cocowest.ca/2025/10/costco-flyer-costco-sale-items-for-october-20-26-2025-for-bc-ab-sk-mb/,2025-10-22T21:24:05,
"Costco Flyer & Costco Sale Items for October 20-26, 2025 for BC, AB, SK, MB",2025-10-20T22:43:46+00:00,360995 NATURE’S BOUNTY MELATONIN 180 TABLETS (,$3.00,,https://cocowest.ca/2025/10/costco-flyer-costco-sale-items-for-october-20-26-2025-for-bc-ab-sk-mb/,2025-10-22T21:24:05,
"Costco Flyer & Costco Sale Items for October 20-26, 2025 for BC, AB, SK, MB",2025-10-20T22:43:46+00:00,1740400 ORGANIKA BEE PROPOLIS 2 X 100ML (,$10.00,,https://cocowest.ca/2025/10/costco-flyer-costco-sale-items-for-october-20-26-2025-for-bc-ab-sk-mb/,2025-10-22T21:24:05,
"Costco Flyer & Costco Sale Items for October 20-26, 2025 for BC, AB, SK, MB",2025-10-20T22:43:46+00:00,2463594 NATURE’S WAY SAMBUCUS IMMUNE 120 GUMMIES (,$5.00,,https://cocowest.ca/2025/10/costco-flyer-costco-sale-items-for-october-20-26-2025-for-bc-ab-sk-mb/,2025-10-22T21:24:05,
"Costco Flyer & Costco Sale Items for October 20-26, 2025 for BC, AB, SK, MB",2025-10-20T22:43:46+00:00,1467085 WEBBER NATURALS ASHWAGANDHA 3600MG 120 CAPSULES (,$4.00,,https://cocowest.ca/2025/10/costco-flyer-costco-sale-items-for-october-20-26-2025-for-bc-ab-sk-mb/,2025-10-22T21:24:05,
"Costco Flyer & Costco Sale Items for October 20-26, 2025 for BC, AB, SK, MB",2025-10-20T22:43:46+00:00,1896366 GILLETTE FUSION5 PROGLIDE PACK OF 18 (,$14.00,,https://cocowest.ca/2025/10/costco-flyer-costco-sale-items-for-october-20-26-2025-for-bc-ab-sk-mb/,2025-10-22T21:24:05,
"Costco Flyer & Costco Sale Items for October 20-26, 2025 for BC, AB, SK, MB",2025-10-20T22:43:46+00:00,1945108 GILLETTE MACH3 TURBO PACK OF 17 (,$10.00,,https://cocowest.ca/2025/10/costco-flyer-costco-sale-items-for-october-20-26-2025-for-bc-ab-sk-mb/,2025-10-22T21:24:05,
"Costco Flyer & Costco Sale Items for October 20-26, 2025 for BC, AB, SK, MB",2025-10-20T22:43:46+00:00,1897288 FLAMINGO LILAC RAZOR PACK OF 13,$19.97,,https://cocowest.ca/2025/10/costco-flyer-costco-sale-items-for-october-20-26-2025-for-bc-ab-sk-mb/,2025-10-22T21:24:05,
"Costco Flyer & Costco Sale Items for October 20-26, 2025 for BC, AB, SK, MB",2025-10-20T22:43:46+00:00,1887597 GILLETTE FUSION 5 SHAVE FOAM 2 X 422G (,$3.00,,https://cocowest.ca/2025/10/costco-flyer-costco-sale-items-for-october-20-26-2025-for-bc-ab-sk-mb/,2025-10-22T21:24:05,
"Costco Flyer & Costco Sale Items for October 20-26, 2025 for BC, AB, SK, MB",2025-10-20T22:43:46+00:00,687101 REFRESH TEARS LUBRICANT EYE DROPS 4X15ml PLUS 5ml (,$4.50,,https://cocowest.ca/2025/10/costco-flyer-costco-sale-items-for-october-20-26-2025-for-bc-ab-sk-mb/,2025-10-22T21:24:05,
"Costco Flyer & Costco Sale Items for October 20-26, 2025 for BC, AB, SK, MB",2025-10-20T22:43:46+00:00,3609950 NATURE’S BOUNTY MELATONIN GUMMIES 180 GUMMIES (,$4.00,,https://cocowest.ca/2025/10/costco-flyer-costco-sale-items-for-october-20-26-2025-for-bc-ab-sk-mb/,2025-10-22T21:24:05,
"Costco Flyer & Costco Sale Items for October 20-26, 2025 for BC, AB, SK, MB",2025-10-20T22:43:46+00:00,FX EXTRA STRENGTH DAILY DEFENSE 150 + 18 CAPSULES (,$12.00,,https://cocowest.ca/2025/10/costco-flyer-costco-sale-items-for-october-20-26-2025-for-bc-ab-sk-mb/,2025-10-22T21:24:05,
"Costco Flyer & Costco Sale Items for October 20-26, 2025 for BC, AB, SK, MB",2025-10-20T22:43:46+00:00,5278175 BLISTEX LIP BALM PACK OF 9 (,$4.00,,https://cocowest.ca/2025/10/costco-flyer-costco-sale-items-for-october-20-26-2025-for-bc-ab-sk-mb/,2025-10-22T21:24:05,
"Costco Flyer & Costco Sale Items for October 20-26, 2025 for BC, AB, SK, MB",2025-10-20T22:43:46+00:00,1788908 QUAKER CHEWY YOGOURT BARS 40 X 35 G (,$4.50,,https://cocowest.ca/2025/10/costco-flyer-costco-sale-items-for-october-20-26-2025-for-bc-ab-sk-mb/,2025-10-22T21:24:05,
"Costco Flyer & Costco Sale Items for October 20-26, 2025 for BC, AB, SK, MB",2025-10-20T22:43:46+00:00,247221 KELLOGG’S RICE KRISPIES SQUARES 54 X 22 G (,$3.00,,https://cocowest.ca/2025/10/costco-flyer-costco-sale-items-for-october-20-26-2025-for-bc-ab-sk-mb/,2025-10-22T21:24:05,
"Costco Flyer & Costco Sale Items for October 20-26, 2025 for BC, AB, SK, MB",2025-10-20T22:43:46+00:00,1940199 BOBO’S OAT BITES STRAWBERRY LEMONADE 24 X 37G,$11.97,,https://cocowest.ca/2025/10/costco-flyer-costco-sale-items-for-october-20-26-2025-for-bc-ab-sk-mb/,2025-10-22T21:24:05,
"Costco Flyer & Costco Sale Items for October 20-26, 2025 for BC, AB, SK, MB",2025-10-20T22:43:46+00:00,2714662 LASKO ELITE COLLECTION TOWER HEATER (,$15.00,,https://cocowest.ca/2025/10/costco-flyer-costco-sale-items-for-october-20-26-2025-for-bc-ab-sk-mb/,2025-10-22T21:24:05,
"Costco Flyer & Costco Sale Items for October 20-26, 2025 for BC, AB, SK, MB",2025-10-20T22:43:46+00:00,1796167 BERKSHIRE ELECTRIC HEATED THROW 50IN X 60IN (,$10.00,,https://cocowest.ca/2025/10/costco-flyer-costco-sale-items-for-october-20-26-2025-for-bc-ab-sk-mb/,2025-10-22T21:24:05,
"Costco Flyer & Costco Sale Items for October 20-26, 2025 for BC, AB, SK, MB",2025-10-20T22:43:46+00:00,1865027 BLUE DIAMOND KETCHUP ALMONDS 1.1KG,$9.97,,https://cocowest.ca/2025/10/costco-flyer-costco-sale-items-for-october-20-26-2025-for-bc-ab-sk-mb/,2025-10-22T21:24:05,
"Costco Flyer & Costco Sale Items for October 20-26, 2025 for BC, AB, SK, MB",2025-10-20T22:43:46+00:00,1665524 JOJO’S DARK CHOCOLATE BITES 475 G (,$3.50,,https://cocowest.ca/2025/10/costco-flyer-costco-sale-items-for-october-20-26-2025-for-bc-ab-sk-mb/,2025-10-22T21:24:05,
"Costco Flyer & Costco Sale Items for October 20-26, 2025 for BC, AB, SK, MB",2025-10-20T22:43:46+00:00,4422647 BARKTHINS DARK CHOCOLATE ALMOND 566G (,$3.00,,https://cocowest.ca/2025/10/costco-flyer-costco-sale-items-for-october-20-26-2025-for-bc-ab-sk-mb/,2025-10-22T21:24:05,
"Costco Flyer & Costco Sale Items for October 20-26, 2025 for BC, AB, SK, MB",2025-10-20T22:43:46+00:00,3339797 NESTLE ASSORTED BARS 1.08KG (,$2.00,,https://cocowest.ca/2025/10/costco-flyer-costco-sale-items-for-october-20-26-2025-for-bc-ab-sk-mb/,2025-10-22T21:24:05,
"Costco Flyer & Costco Sale Items for October 20-26, 2025 for BC, AB, SK, MB",2025-10-20T22:43:46+00:00,1704012 WELCH’S FRUIT SNACKS 60 X 22 G,$3.50,,https://cocowest.ca/2025/10/costco-flyer-costco-sale-items-for-october-20-26-2025-for-bc-ab-sk-mb/,2025-10-22T21:24:05,
"Costco Flyer & Costco Sale Items for October 20-26, 2025 for BC, AB, SK, MB",2025-10-20T22:43:46+00:00,1730150 KASHI ORGANIC FRUIT BAR 28 X 18G (,$4.00,,https://cocowest.ca/2025/10/costco-flyer-costco-sale-items-for-october-20-26-2025-for-bc-ab-sk-mb/,2025-10-22T21:24:05,
"Costco Flyer & Costco Sale Items for October 20-26, 2025 for BC, AB, SK, MB",2025-10-20T22:43:46+00:00,2227573 WRIGLEY’S EXCEL GUM VARIETY 27 PACK (,$4.00,,https://cocowest.ca/2025/10/costco-flyer-costco-sale-items-for-october-20-26-2025-for-bc-ab-sk-mb/,2025-10-22T21:24:05,
"Costco Flyer & Costco Sale Items for October 20-26, 2025 for BC, AB, SK, MB",2025-10-20T22:43:46+00:00,BOY MANAGER CHAIR ADJUSTABLE HEIGHT (,$40.00,,https://cocowest.ca/2025/10/costco-flyer-costco-sale-items-for-october-20-26-2025-for-bc-ab-sk-mb/,2025-10-22T21:24:05,
"Costco Flyer & Costco Sale Items for October 20-26, 2025 for BC, AB, SK, MB",2025-10-20T22:43:46+00:00,1940957 GODIVA MASTERPIECE MILK CHOCOLATE 428G (,$6.00,,https://cocowest.ca/2025/10/costco-flyer-costco-sale-items-for-october-20-26-2025-for-bc-ab-sk-mb/,2025-10-22T21:24:05,
"Costco Flyer & Costco Sale Items for October 20-26, 2025 for BC, AB, SK, MB",2025-10-20T22:43:46+00:00,1952123 MCSWEENEY’S CHICKEN NUGGETS 300G (,$4.00,,https://cocowest.ca/2025/10/costco-flyer-costco-sale-items-for-october-20-26-2025-for-bc-ab-sk-mb/,2025-10-22T21:24:05,
"Costco Flyer & Costco Sale Items for October 20-26, 2025 for BC, AB, SK, MB",2025-10-20T22:43:46+00:00,1868765 ALANI NU PROTEIN SHAKE 18 X 355ML (,$9.00,,https://cocowest.ca/2025/10/costco-flyer-costco-sale-items-for-october-20-26-2025-for-bc-ab-sk-mb/,2025-10-22T21:24:05,
"Costco Flyer & Costco Sale Items for October 20-26, 2025 for BC, AB, SK, MB",2025-10-20T22:43:46+00:00,1868766 ALANI NU PROTEIN SHAKE 18 X 355ML (,$9.00,,https://cocowest.ca/2025/10/costco-flyer-costco-sale-items-for-october-20-26-2025-for-bc-ab-sk-mb/,2025-10-22T21:24:05,
"Costco Flyer & Costco Sale Items for October 20-26, 2025 for BC, AB, SK, MB",2025-10-20T22:43:46+00:00,324143 PURE PROTEIN VARIETY PACK 18 X 50G (,$6.00,,https://cocowest.ca/2025/10/costco-flyer-costco-sale-items-for-october-20-26-2025-for-bc-ab-sk-mb/,2025-10-22T21:24:05,
"Costco Flyer & Costco Sale Items for October 20-26, 2025 for BC, AB, SK, MB",2025-10-20T22:43:46+00:00,3340923 SIMPLY PROTEIN PROTEIN BARS 18 X 40G (,$5.00,,https://cocowest.ca/2025/10/costco-flyer-costco-sale-items-for-october-20-26-2025-for-bc-ab-sk-mb/,2025-10-22T21:24:05,
"Costco Flyer & Costco Sale Items for October 20-26, 2025 for BC, AB, SK, MB",2025-10-20T22:43:46+00:00,1566195 CHEF ROBERT IRVINE’S PROTEIN BAR 18 X 46G (,$6.00,,https://cocowest.ca/2025/10/costco-flyer-costco-sale-items-for-october-20-26-2025-for-bc-ab-sk-mb/,2025-10-22T21:24:05,
"Costco Flyer & Costco Sale Items for October 20-26, 2025 for BC, AB, SK, MB",2025-10-20T22:43:46+00:00,XXL (,$5.00,,https://cocowest.ca/2025/10/costco-flyer-costco-sale-items-for-october-20-26-2025-for-bc-ab-sk-mb/,2025-10-22T21:24:05,
"Costco Flyer & Costco Sale Items for October 20-26, 2025 for BC, AB, SK, MB",2025-10-20T22:43:46+00:00,XL,$12.97,,https://cocowest.ca/2025/10/costco-flyer-costco-sale-items-for-october-20-26-2025-for-bc-ab-sk-mb/,2025-10-22T21:24:05,
"Costco Flyer & Costco Sale Items for October 20-26, 2025 for BC, AB, SK, MB",2025-10-20T22:43:46+00:00,S (,$5.00,,https://cocowest.ca/2025/10/costco-flyer-costco-sale-items-for-october-20-26-2025-for-bc-ab-sk-mb/,2025-10-22T21:24:05,
"Costco Flyer & Costco Sale Items for October 20-26, 2025 for BC, AB, SK, MB",2025-10-20T22:43:46+00:00,XL (,$6.00,,https://cocowest.ca/2025/10/costco-flyer-costco-sale-items-for-october-20-26-2025-for-bc-ab-sk-mb/,2025-10-22T21:24:05,
"Costco Flyer & Costco Sale Items for October 20-26, 2025 for BC, AB, SK, MB",2025-10-20T22:43:46+00:00,XXL (,$3.00,,https://cocowest.ca/2025/10/costco-flyer-costco-sale-items-for-october-20-26-2025-for-bc-ab-sk-mb/,2025-10-22T21:24:05,
"Costco Flyer & Costco Sale Items for October 20-26, 2025 for BC, AB, SK, MB",2025-10-20T22:43:46+00:00,10 (,$4.00,,https://cocowest.ca/2025/10/costco-flyer-costco-sale-items-for-october-20-26-2025-for-bc-ab-sk-mb/,2025-10-22T21:24:05,
"Costco Flyer & Costco Sale Items for October 20-26, 2025 for BC, AB, SK, MB",2025-10-20T22:43:46+00:00,XL (,$7.00,,https://cocowest.ca/2025/10/costco-flyer-costco-sale-items-for-october-20-26-2025-for-bc-ab-sk-mb/,2025-10-22T21:24:05,
"Costco Flyer & Costco Sale Items for October 20-26, 2025 for BC, AB, SK, MB",2025-10-20T22:43:46+00:00,XL (,$5.00,,https://cocowest.ca/2025/10/costco-flyer-costco-sale-items-for-october-20-26-2025-for-bc-ab-sk-mb/,2025-10-22T21:24:05,
"Costco Flyer & Costco Sale Items for October 20-26, 2025 for BC, AB, SK, MB",2025-10-20T22:43:46+00:00,XXL (,$7.00,,https://cocowest.ca/2025/10/costco-flyer-costco-sale-items-for-october-20-26-2025-for-bc-ab-sk-mb/,2025-10-22T21:24:05,
"Costco Flyer & Costco Sale Items for October 20-26, 2025 for BC, AB, SK, MB",2025-10-20T22:43:46+00:00,4T (,$4.00,,https://cocowest.ca/2025/10/costco-flyer-costco-sale-items-for-october-20-26-2025-for-bc-ab-sk-mb/,2025-10-22T21:24:05,
"Costco Flyer & Costco Sale Items for October 20-26, 2025 for BC, AB, SK, MB",2025-10-20T22:43:46+00:00,XXL (,$4.00,,https://cocowest.ca/2025/10/costco-flyer-costco-sale-items-for-october-20-26-2025-for-bc-ab-sk-mb/,2025-10-22T21:24:05,
"Costco Flyer & Costco Sale Items for October 20-26, 2025 for BC, AB, SK, MB",2025-10-20T22:43:46+00:00,12 (,$4.00,,https://cocowest.ca/2025/10/costco-flyer-costco-sale-items-for-october-20-26-2025-for-bc-ab-sk-mb/,2025-10-22T21:24:05,
"Costco Flyer & Costco Sale Items for October 20-26, 2025 for BC, AB, SK, MB",2025-10-20T22:43:46+00:00,L,$9.97,,https://cocowest.ca/2025/10/costco-flyer-costco-sale-items-for-october-20-26-2025-for-bc-ab-sk-mb/,2025-10-22T21:24:05,
"Costco Flyer & Costco Sale Items for October 20-26, 2025 for BC, AB, SK, MB",2025-10-20T22:43:46+00:00,13 (,$10.00,,https://cocowest.ca/2025/10/costco-flyer-costco-sale-items-for-october-20-26-2025-for-bc-ab-sk-mb/,2025-10-22T21:24:05,
"Costco Flyer & Costco Sale Items for October 20-26, 2025 for BC, AB, SK, MB",2025-10-20T22:43:46+00:00,1648955 MOWHAWK IMPRESSIONS OURDOOR MAT 24″ X 36″,$9.97,,https://cocowest.ca/2025/10/costco-flyer-costco-sale-items-for-october-20-26-2025-for-bc-ab-sk-mb/,2025-10-22T21:24:05,
"Costco Flyer & Costco Sale Items for October 20-26, 2025 for BC, AB, SK, MB",2025-10-20T22:43:46+00:00,6645321 LAURA ASHLEY ACCENT MAT 36″ X 47″,$19.97,,https://cocowest.ca/2025/10/costco-flyer-costco-sale-items-for-october-20-26-2025-for-bc-ab-sk-mb/,2025-10-22T21:24:05,
"Costco Flyer & Costco Sale Items for October 20-26, 2025 for BC, AB, SK, MB",2025-10-20T22:43:46+00:00,2794666 NUEVA SPA SHOWER CURTAIN SET 4 PIECES,$22.97,,https://cocowest.ca/2025/10/costco-flyer-costco-sale-items-for-october-20-26-2025-for-bc-ab-sk-mb/,2025-10-22T21:24:05,
"Costco Flyer & Costco Sale Items for October 20-26, 2025 for BC, AB, SK, MB",2025-10-20T22:43:46+00:00,3412350 HOTEL SIGNATURE 400TC COTTON SHEETS QUEEN 6PC (,$15.00,,https://cocowest.ca/2025/10/costco-flyer-costco-sale-items-for-october-20-26-2025-for-bc-ab-sk-mb/,2025-10-22T21:24:05,
"Costco Flyer & Costco Sale Items for October 20-26, 2025 for BC, AB, SK, MB",2025-10-20T22:43:46+00:00,2891902 ROOTS HOME COTTON SHEETS QUEEN 6PC,$34.97,,https://cocowest.ca/2025/10/costco-flyer-costco-sale-items-for-october-20-26-2025-for-bc-ab-sk-mb/,2025-10-22T21:24:05,
"Costco Flyer & Costco Sale Items for October 20-26, 2025 for BC, AB, SK, MB",2025-10-20T22:43:46+00:00,1785036 WAGON PLAYSET 20 PIECES,$9.97,,https://cocowest.ca/2025/10/costco-flyer-costco-sale-items-for-october-20-26-2025-for-bc-ab-sk-mb/,2025-10-22T21:24:05,
"Costco Flyer & Costco Sale Items for October 20-26, 2025 for BC, AB, SK, MB",2025-10-20T22:43:46+00:00,1601370 SQUISHMALLOWS DISNEY STITCH 20inch PLUSH,$24.97,,https://cocowest.ca/2025/10/costco-flyer-costco-sale-items-for-october-20-26-2025-for-bc-ab-sk-mb/,2025-10-22T21:24:05,
"Costco Flyer & Costco Sale Items for October 20-26, 2025 for BC, AB, SK, MB",2025-10-20T22:43:46+00:00,1917052 AUZOU SEEK AND FIND (,$5.00,,https://cocowest.ca/2025/10/costco-flyer-costco-sale-items-for-october-20-26-2025-for-bc-ab-sk-mb/,2025-10-22T21:24:05,
"Costco Flyer & Costco Sale Items for October 20-26, 2025 for BC, AB, SK, MB",2025-10-20T22:43:46+00:00,1746386 POKEMON 18″ SLEEPING PLUSH ASSORTMENT (,$6.00,,https://cocowest.ca/2025/10/costco-flyer-costco-sale-items-for-october-20-26-2025-for-bc-ab-sk-mb/,2025-10-22T21:24:05,
"Costco Flyer & Costco Sale Items for October 20-26, 2025 for BC, AB, SK, MB",2025-10-20T22:43:46+00:00,L/XL (,$4.00,,https://cocowest.ca/2025/10/costco-flyer-costco-sale-items-for-october-20-26-2025-for-bc-ab-sk-mb/,2025-10-22T21:24:05,
"Costco Flyer & Costco Sale Items for October 20-26, 2025 for BC, AB, SK, MB",2025-10-20T22:43:46+00:00,XL (,$15.00,,https://cocowest.ca/2025/10/costco-flyer-costco-sale-items-for-october-20-26-2025-for-bc-ab-sk-mb/,2025-10-22T21:24:05,
"Costco Flyer & Costco Sale Items for October 20-26, 2025 for BC, AB, SK, MB",2025-10-20T22:43:46+00:00,LOCK CHAIR,$39.97,,https://cocowest.ca/2025/10/costco-flyer-costco-sale-items-for-october-20-26-2025-for-bc-ab-sk-mb/,2025-10-22T21:24:05,
"Costco Flyer & Costco Sale Items for October 20-26, 2025 for BC, AB, SK, MB",2025-10-20T22:43:46+00:00,1654521 MAC SPORT CAMP CHAIR HEAVY DUTY,$59.97,,https://cocowest.ca/2025/10/costco-flyer-costco-sale-items-for-october-20-26-2025-for-bc-ab-sk-mb/,2025-10-22T21:24:05,
"Costco Flyer & Costco Sale Items for October 20-26, 2025 for BC, AB, SK, MB",2025-10-20T22:43:46+00:00,1934664 ADIDAS YOGA MAT DOUBLE SIDED (,$4.00,,https://cocowest.ca/2025/10/costco-flyer-costco-sale-items-for-october-20-26-2025-for-bc-ab-sk-mb/,2025-10-22T21:24:05,
"Costco Flyer & Costco Sale Items for October 20-26, 2025 for BC, AB, SK, MB",2025-10-20T22:43:46+00:00,675749 3M SCOTCH MAGIC TAPE/GIFT WRAP TAPE 6PK (,$4.00,,https://cocowest.ca/2025/10/costco-flyer-costco-sale-items-for-october-20-26-2025-for-bc-ab-sk-mb/,2025-10-22T21:24:05,
"Costco Flyer & Costco Sale Items for October 20-26, 2025 for BC, AB, SK, MB",2025-10-20T22:43:46+00:00,1418682 KIRKLAND SIGNATURE GOLF GLOVE 4 PACK,$24.97,,https://cocowest.ca/2025/10/costco-flyer-costco-sale-items-for-october-20-26-2025-for-bc-ab-sk-mb/,2025-10-22T21:24:05,
"Costco Flyer & Costco Sale Items for October 20-26, 2025 for BC, AB, SK, MB",2025-10-20T22:43:46+00:00,1806296 GOVEE LED STRIP LIGHTS 49.2FT/15M (,$15.00,,https://cocowest.ca/2025/10/costco-flyer-costco-sale-items-for-october-20-26-2025-for-bc-ab-sk-mb/,2025-10-22T21:24:05,
"Costco Flyer & Costco Sale Items for October 20-26, 2025 for BC, AB, SK, MB",2025-10-20T22:43:46+00:00,1851511 JIM SHORE HOLIDAY STITCH AND SCRUMP (,$20.00,,https://cocowest.ca/2025/10/costco-flyer-costco-sale-items-for-october-20-26-2025-for-bc-ab-sk-mb/,2025-10-22T21:24:05,
"Costco Flyer & Costco Sale Items for October 20-26, 2025 for BC, AB, SK, MB",2025-10-20T22:43:46+00:00,1739875 DISNEY HALLOWEEN TREAT BOWL INDOOR USE ONLY,$39.97,,https://cocowest.ca/2025/10/costco-flyer-costco-sale-items-for-october-20-26-2025-for-bc-ab-sk-mb/,2025-10-22T21:24:05,
"Costco Flyer & Costco Sale Items for October 20-26, 2025 for BC, AB, SK, MB",2025-10-20T22:43:46+00:00,1800927 SKITTLES STARBURST HUBBA VARIETY 20 CT 1.1KG (,$4.00,,https://cocowest.ca/2025/10/costco-flyer-costco-sale-items-for-october-20-26-2025-for-bc-ab-sk-mb/,2025-10-22T21:24:05,
"Costco Flyer & Costco Sale Items for October 20-26, 2025 for BC, AB, SK, MB",2025-10-20T22:43:46+00:00,1726688 SKITTLES STARBURST LIFESAVERS FUN SIZE 155 COUNT 1.71KG (,$5.00,,https://cocowest.ca/2025/10/costco-flyer-costco-sale-items-for-october-20-26-2025-for-bc-ab-sk-mb/,2025-10-22T21:24:05,
"Costco Flyer & Costco Sale Items for October 20-26, 2025 for BC, AB, SK, MB",2025-10-20T22:43:46+00:00,1944753 AMOS FOOD PUMPKIN PARTY 1KG (,$5.00,,https://cocowest.ca/2025/10/costco-flyer-costco-sale-items-for-october-20-26-2025-for-bc-ab-sk-mb/,2025-10-22T21:24:05,
"Costco Flyer & Costco Sale Items for October 20-26, 2025 for BC, AB, SK, MB",2025-10-20T22:43:46+00:00,2942699 NESTLE FAVOURITES 130 COUNT 1.3KG (,$10.00,,https://cocowest.ca/2025/10/costco-flyer-costco-sale-items-for-october-20-26-2025-for-bc-ab-sk-mb/,2025-10-22T21:24:05,
"Costco Flyer & Costco Sale Items for October 20-26, 2025 for BC, AB, SK, MB",2025-10-20T22:43:46+00:00,1868925 AMOS 4D GUMMY BLOCKS 1.68KG (,$4.00,,https://cocowest.ca/2025/10/costco-flyer-costco-sale-items-for-october-20-26-2025-for-bc-ab-sk-mb/,2025-10-22T21:24:05,
"Costco Flyer & Costco Sale Items for October 20-26, 2025 for BC, AB, SK, MB",2025-10-20T22:43:46+00:00,2743223 CADBURY DAIRY MILK MINI BARS 45 X 18 G (,$4.00,,https://cocowest.ca/2025/10/costco-flyer-costco-sale-items-for-october-20-26-2025-for-bc-ab-sk-mb/,2025-10-22T21:24:05,
"Costco Flyer & Costco Sale Items for October 20-26, 2025 for BC, AB, SK, MB",2025-10-20T22:43:46+00:00,1342746 ORANGES PRODUCT OF SOUTH AFRICA (,$2.00,,https://cocowest.ca/2025/10/costco-flyer-costco-sale-items-for-october-20-26-2025-for-bc-ab-sk-mb/,2025-10-22T21:24:05,
"Costco Flyer & Costco Sale Items for October 20-26, 2025 for BC, AB, SK, MB",2025-10-20T22:43:46+00:00,60357 SWEET BELL PEPPERS PRODUCT OF CANADA (,$2.00,,https://cocowest.ca/2025/10/costco-flyer-costco-sale-items-for-october-20-26-2025-for-bc-ab-sk-mb/,2025-10-22T21:24:05,
"Costco Flyer & Costco Sale Items for October 20-26, 2025 for BC, AB, SK, MB",2025-10-20T22:43:46+00:00,1459115 HONEYCRISP APPLES PRODUCT OF CANADA CANADA FANCY (,$3.00,,https://cocowest.ca/2025/10/costco-flyer-costco-sale-items-for-october-20-26-2025-for-bc-ab-sk-mb/,2025-10-22T21:24:05,
